<?xml version="1.0" encoding="UTF-8"?>
<con:soapui-project id="4475620b-7ab9-4e53-a2f7-86f53527d932" activeEnvironment="Default" name="CustomerTransactions" soapui-version="5.4.0" abortOnError="false" runType="SEQUENTIAL" resourceRoot="${projectDir}" xmlns:con="http://eviware.com/soapui/config"><con:settings/><con:interface xsi:type="con:RestService" id="daeb0c8d-632f-4618-88d7-fbc3fef1b332" wadlVersion="http://wadl.dev.java.net/2009/02" name="http://transactions" type="rest" xmlns:xsi="http://www.w3.org/2001/XMLSchema-instance"><con:settings/><con:definitionCache type="TEXT" rootPart=""/><con:endpoints><con:endpoint>http://transactions</con:endpoint></con:endpoints><con:resource name="Transactions List" path="/transactionservice/transaction" id="c6160213-e672-4a1f-8bcb-1292a675ca23"><con:settings/><con:parameters/><con:method name="Transaction 1" id="52081144-6dff-492f-b693-b0f29899ac7c" method="GET"><con:settings/><con:parameters/><con:representation type="RESPONSE"><con:mediaType>text/html; charset=UTF-8</con:mediaType><con:status>200</con:status><con:params/><con:element>html</con:element></con:representation><con:representation type="FAULT"><con:mediaType>text/html;charset=UTF-8</con:mediaType><con:status>500</con:status><con:params/><con:element>html</con:element></con:representation><con:representation type="RESPONSE"><con:mediaType>application/json</con:mediaType><con:status>200</con:status><con:params/><con:element>Response</con:element></con:representation><con:request name="Request 1" id="c460ff87-a965-44dd-a75a-a87e5fdced4f" mediaType="application/json"><con:settings><con:setting id="com.eviware.soapui.impl.wsdl.WsdlRequest@request-headers">&lt;entry key="Content-type" value="application/json" xmlns="http://eviware.com/soapui/config"/></con:setting></con:settings><con:endpoint>http://transactions</con:endpoint><con:request/><con:originalUri>http://transactions/transactionservice/transaction</con:originalUri><con:credentials><con:authType>No Authorization</con:authType></con:credentials><con:jmsConfig JMSDeliveryMode="PERSISTENT"/><con:jmsPropertyConfig/><con:parameters/></con:request></con:method></con:resource><con:resource name="Transaction Details" path="/transactionservice/transaction/9" id="0c5f163f-7226-48c2-8c4b-be90a134543d"><con:settings/><con:parameters/><con:method name="Method 1" id="0cff977a-2521-4b74-baf0-e81c40692b0c" method="GET"><con:settings/><con:parameters/><con:representation type="RESPONSE"><con:mediaType>application/json</con:mediaType><con:status>200</con:status><con:params/></con:representation><con:request name="Request 1" id="3fbf8b63-9257-4cc9-9459-eaf9fc428174" mediaType="application/json"><con:settings><con:setting id="com.eviware.soapui.impl.wsdl.WsdlRequest@request-headers">&lt;xml-fragment/></con:setting></con:settings><con:endpoint>http://transactions</con:endpoint><con:request/><con:originalUri>http://transactions/transactionservice/transaction/1</con:originalUri><con:credentials><con:authType>No Authorization</con:authType></con:credentials><con:jmsConfig JMSDeliveryMode="PERSISTENT"/><con:jmsPropertyConfig/><con:parameters/></con:request></con:method></con:resource><con:resource name="AddTransctionDetails" path="/transactionservice/transaction/${#TestCase#trs_id}" id="0c5f163f-7226-48c2-8c4b-be90a134543d"><con:settings/><con:parameters/><con:method name="Method 1" id="0cff977a-2521-4b74-baf0-e81c40692b0c" method="PUT"><con:settings/><con:parameters/><con:representation type="RESPONSE"><con:mediaType>application/json</con:mediaType><con:status>200</con:status><con:params/></con:representation><con:representation type="REQUEST"><con:mediaType>application/json</con:mediaType><con:params/></con:representation><con:representation type="RESPONSE"><con:mediaType>text/html; charset=UTF-8</con:mediaType><con:status>200</con:status><con:params/><con:element>html</con:element></con:representation><con:representation type="FAULT"><con:mediaType>text/html;charset=UTF-8</con:mediaType><con:status>500 405 404</con:status><con:params/><con:element>html</con:element></con:representation><con:request name="Request 1" id="3fbf8b63-9257-4cc9-9459-eaf9fc428174" mediaType="application/json" postQueryString="false"><con:settings><con:setting id="com.eviware.soapui.impl.wsdl.WsdlRequest@request-headers">&lt;xml-fragment/></con:setting></con:settings><con:endpoint>http://transactions</con:endpoint><con:request>{
	"amount":"100.29",
	"type":"Movie",
	"parent_id":"2"
}</con:request><con:originalUri>http://transactions/transactionservice/transaction/1</con:originalUri><con:credentials><con:authType>No Authorization</con:authType></con:credentials><con:jmsConfig JMSDeliveryMode="PERSISTENT"/><con:jmsPropertyConfig/><con:parameters/></con:request></con:method></con:resource><con:resource name="Transaction Details by Type" path="/transactionservice/types/car" id="0c5f163f-7226-48c2-8c4b-be90a134543d"><con:settings/><con:parameters/><con:method name="Method 1" id="0cff977a-2521-4b74-baf0-e81c40692b0c" method="GET"><con:settings/><con:parameters/><con:representation type="RESPONSE"><con:mediaType>application/json</con:mediaType><con:status>200</con:status><con:params/></con:representation><con:representation type="REQUEST"><con:mediaType>application/json</con:mediaType><con:params/></con:representation><con:representation type="FAULT"><con:mediaType>text/html;charset=UTF-8</con:mediaType><con:status>404</con:status><con:params/><con:element>html</con:element></con:representation><con:representation type="RESPONSE"><con:mediaType>text/html; charset=UTF-8</con:mediaType><con:status>200</con:status><con:params/><con:element>html</con:element></con:representation><con:request name="Request 1" id="3fbf8b63-9257-4cc9-9459-eaf9fc428174" mediaType="application/json"><con:settings><con:setting id="com.eviware.soapui.impl.wsdl.WsdlRequest@request-headers">&lt;entry key="Content-Type" value="application/json" xmlns="http://eviware.com/soapui/config"/></con:setting></con:settings><con:endpoint>http://transactions</con:endpoint><con:request/><con:originalUri>http://transactions/transactionservice/transaction/1</con:originalUri><con:credentials><con:authType>No Authorization</con:authType></con:credentials><con:jmsConfig JMSDeliveryMode="PERSISTENT"/><con:jmsPropertyConfig/><con:parameters/></con:request></con:method></con:resource><con:resource name="Find Related Transactions" path="/transactionservice/checklink/5" id="0c5f163f-7226-48c2-8c4b-be90a134543d"><con:settings/><con:parameters/><con:method name="Method 1" id="0cff977a-2521-4b74-baf0-e81c40692b0c" method="GET"><con:settings/><con:parameters/><con:representation type="RESPONSE"><con:mediaType>application/json</con:mediaType><con:status>200</con:status><con:params/></con:representation><con:representation type="REQUEST"><con:mediaType>application/json</con:mediaType><con:params/></con:representation><con:representation type="FAULT"><con:mediaType>text/html;charset=UTF-8</con:mediaType><con:status>404 500</con:status><con:params/><con:element>html</con:element></con:representation><con:representation type="RESPONSE"><con:mediaType>text/html; charset=UTF-8</con:mediaType><con:status>200</con:status><con:params/><con:element>html</con:element></con:representation><con:request name="Request 1" id="3fbf8b63-9257-4cc9-9459-eaf9fc428174" mediaType="application/json"><con:settings><con:setting id="com.eviware.soapui.impl.wsdl.WsdlRequest@request-headers">&lt;entry key="Content-Type" value="application/json" xmlns="http://eviware.com/soapui/config"/></con:setting></con:settings><con:endpoint>http://transactions</con:endpoint><con:request/><con:originalUri>http://transactions/transactionservice/transaction/1</con:originalUri><con:credentials><con:authType>No Authorization</con:authType></con:credentials><con:jmsConfig JMSDeliveryMode="PERSISTENT"/><con:jmsPropertyConfig/><con:parameters/></con:request></con:method></con:resource><con:resource name="Find Sum Of Related Transactions" path="/transactionservice/sum/5" id="0c5f163f-7226-48c2-8c4b-be90a134543d"><con:settings/><con:parameters/><con:method name="Method 1" id="0cff977a-2521-4b74-baf0-e81c40692b0c" method="GET"><con:settings/><con:parameters/><con:representation type="RESPONSE"><con:mediaType>application/json</con:mediaType><con:status>200</con:status><con:params/></con:representation><con:representation type="REQUEST"><con:mediaType>application/json</con:mediaType><con:params/></con:representation><con:representation type="FAULT"><con:mediaType>text/html;charset=UTF-8</con:mediaType><con:status>404 500</con:status><con:params/><con:element>html</con:element></con:representation><con:representation type="RESPONSE"><con:mediaType>text/html; charset=UTF-8</con:mediaType><con:status>200</con:status><con:params/><con:element>html</con:element></con:representation><con:request name="Request 1" id="3fbf8b63-9257-4cc9-9459-eaf9fc428174" mediaType="application/json"><con:settings><con:setting id="com.eviware.soapui.impl.wsdl.WsdlRequest@request-headers">&lt;entry key="Content-Type" value="application/json" xmlns="http://eviware.com/soapui/config"/></con:setting></con:settings><con:endpoint>http://transactions</con:endpoint><con:request/><con:originalUri>http://transactions/transactionservice/transaction/1</con:originalUri><con:credentials><con:authType>No Authorization</con:authType></con:credentials><con:jmsConfig JMSDeliveryMode="PERSISTENT"/><con:jmsPropertyConfig/><con:parameters/></con:request></con:method></con:resource></con:interface><con:testSuite id="61a6edc2-0dbf-4b63-8b38-ab3d8c96d62c" name="Transactions TestSuite"><con:description>TestSuite generated for REST Service [http://transactions]</con:description><con:settings/><con:runType>SEQUENTIAL</con:runType><con:testCase id="43c6c304-ce5c-4460-a114-3e99d3f36e7b" failOnError="false" failTestCaseOnErrors="true" keepSession="false" maxResults="0" name="Transactions List TestCase" searchProperties="true" timeout="0" wsrmEnabled="false" wsrmVersion="1.0" wsrmAckTo="" amfAuthorisation="false" amfEndpoint="" amfLogin="" amfPassword=""><con:description>TestCase generated for REST Resource [Transactions List] located at [/transactionservice/transaction]</con:description><con:settings/><con:testStep type="restrequest" name="GetAllTransactions" id="1d1c31d1-d180-44c7-a3b8-d92257ccadaf"><con:settings/><con:config service="http://transactions" resourcePath="/transactionservice/transaction" methodName="Transaction 1" xsi:type="con:RestRequestStep" xmlns:xsi="http://www.w3.org/2001/XMLSchema-instance"><con:restRequest name="GetAllTransactions" id="c460ff87-a965-44dd-a75a-a87e5fdced4f" mediaType="application/json"><con:settings><con:setting id="com.eviware.soapui.impl.wsdl.WsdlRequest@request-headers">&lt;entry key="Content-type" value="application/json" xmlns="http://eviware.com/soapui/config"/></con:setting></con:settings><con:endpoint>http://transactions</con:endpoint><con:request/><con:originalUri>http://transactions/transactionservice/transaction</con:originalUri><con:assertion type="Valid HTTP Status Codes" id="5121adbb-ee23-4546-8de6-eeec18ca8b5a" name="Valid HTTP Status Codes"><con:configuration><codes>200</codes></con:configuration></con:assertion><con:assertion type="Simple Contains" id="fd88a64e-3e94-48cc-8e09-5016dda2111d" name="Contains"><con:configuration><token>transaction_id</token><ignoreCase>true</ignoreCase><useRegEx>false</useRegEx></con:configuration></con:assertion><con:assertion type="Simple NotContains" id="ad8ae368-6b1c-4426-9be5-7b68c07f6efa" name="Not Contains"><con:configuration><token>error</token><ignoreCase>false</ignoreCase><useRegEx>false</useRegEx></con:configuration></con:assertion><con:assertion type="Response SLA Assertion" id="4ce21cad-1e1c-4e90-8d58-f034ac379589" name="Response SLA"><con:configuration><SLA>1000</SLA></con:configuration></con:assertion><con:assertion type="Sensitive Information Exposure" id="8f19043e-19aa-41da-ae57-89613b85bba8" name="Sensitive Information Exposure"><con:configuration><AssertionSpecificExposureList>token###tokenvalue</AssertionSpecificExposureList><IncludeProjectSpecific>true</IncludeProjectSpecific><IncludeGlobal>true</IncludeGlobal></con:configuration></con:assertion><con:credentials><con:authType>No Authorization</con:authType></con:credentials><con:jmsConfig JMSDeliveryMode="PERSISTENT"/><con:jmsPropertyConfig/><con:parameters/></con:restRequest></con:config></con:testStep><con:properties/></con:testCase><con:testCase id="09be4c13-5259-4706-8eb4-a2725dd22286" failOnError="false" failTestCaseOnErrors="true" keepSession="false" maxResults="0" name="Transaction Details TestCase" searchProperties="true" timeout="0" wsrmEnabled="false" wsrmVersion="1.0" wsrmAckTo="" amfAuthorisation="false" amfEndpoint="" amfLogin="" amfPassword=""><con:description>TestCase generated for REST Resource [Transaction Details] located at [/transactionservice/transaction/9]</con:description><con:settings/><con:testStep type="restrequest" name="Request 1" id="b70f3378-c210-408b-9c67-1998f01ada67"><con:settings/><con:config service="http://transactions" resourcePath="/transactionservice/transaction/9" methodName="Method 1" xsi:type="con:RestRequestStep" xmlns:xsi="http://www.w3.org/2001/XMLSchema-instance"><con:restRequest name="Request 1" id="3fbf8b63-9257-4cc9-9459-eaf9fc428174" mediaType="application/json"><con:settings><con:setting id="com.eviware.soapui.impl.wsdl.WsdlRequest@request-headers">&lt;xml-fragment/></con:setting></con:settings><con:endpoint>http://transactions</con:endpoint><con:request/><con:originalUri>http://transactions/transactionservice/transaction/1</con:originalUri><con:assertion type="Valid HTTP Status Codes" id="f917c0b3-c352-4744-9f7d-17955472d673" name="Valid HTTP Status Codes"><con:configuration><codes>200</codes></con:configuration></con:assertion><con:assertion type="Response SLA Assertion" id="cdff0d58-f086-4507-8545-ed7ec1bd4660" name="Response SLA"><con:configuration><SLA>500</SLA></con:configuration></con:assertion><con:assertion type="Simple Contains" id="85c3fe48-afdb-4aa4-bd5b-c846fcc0eb16" name="Contains"><con:configuration><token>transaction_id</token><ignoreCase>true</ignoreCase><useRegEx>false</useRegEx></con:configuration></con:assertion><con:assertion type="Simple Contains" id="2280846b-0b52-43f9-bfcd-734773097881" name="Contains parent_id"><con:configuration><token>parent_id</token><ignoreCase>true</ignoreCase><useRegEx>false</useRegEx></con:configuration></con:assertion><con:assertion type="Simple NotContains" id="15e27756-8c95-4c12-9b44-fd3d9662da9b" name="Not Contains"><con:configuration><token>[]</token><ignoreCase>false</ignoreCase><useRegEx>false</useRegEx></con:configuration></con:assertion><con:credentials><con:authType>No Authorization</con:authType></con:credentials><con:jmsConfig JMSDeliveryMode="PERSISTENT"/><con:jmsPropertyConfig/><con:parameters/></con:restRequest></con:config></con:testStep><con:properties/></con:testCase><con:testCase id="4bd48420-da4a-47db-bea1-38dcd4446b79" failOnError="false" failTestCaseOnErrors="true" keepSession="false" maxResults="0" name="AddTransctionDetails TestCase" searchProperties="true" timeout="0" wsrmEnabled="false" wsrmVersion="1.0" wsrmAckTo="" amfAuthorisation="false" amfEndpoint="" amfLogin="" amfPassword=""><con:description>TestCase generated for REST Resource [InsertTransctionDetails] located at [/transactionservice/transaction/11]</con:description><con:settings/><con:testStep type="restrequest" name="Request 1" id="ecb02cc7-72d3-4b05-9c01-819c14a2027e"><con:settings/><con:config service="http://transactions" resourcePath="/transactionservice/transaction/${#TestCase#trs_id}" methodName="Method 1" xsi:type="con:RestRequestStep" xmlns:xsi="http://www.w3.org/2001/XMLSchema-instance"><con:restRequest name="Request 1" id="3fbf8b63-9257-4cc9-9459-eaf9fc428174" mediaType="application/json" postQueryString="false"><con:settings><con:setting id="com.eviware.soapui.impl.wsdl.WsdlRequest@request-headers">&lt;xml-fragment/></con:setting></con:settings><con:endpoint>http://transactions</con:endpoint><con:request>{
	"amount":"70.9",
	"type":"Clothes",
	"parent_id":"3"
}</con:request><con:originalUri>http://transactions/transactionservice/transaction/1</con:originalUri><con:assertion type="Valid HTTP Status Codes" id="2c135164-9de1-42a2-8aac-aa44ed4a76f2" name="Valid HTTP Status Codes"><con:configuration><codes>200</codes></con:configuration></con:assertion><con:assertion type="Response SLA Assertion" id="19a75a88-889a-4605-bab7-ceb69942de83" name="Response SLA"><con:configuration><SLA>1000</SLA></con:configuration></con:assertion><con:assertion type="Simple Contains" id="6c4e5f3d-7e3f-4926-b8d4-b20b9881a3ed" name="Contains"><con:configuration><token>Entry Added Successfully</token><ignoreCase>true</ignoreCase><useRegEx>false</useRegEx></con:configuration></con:assertion><con:assertion type="Simple NotContains" id="cacce7fa-771d-4890-957f-803aaf55d24f" name="Not Contains"><con:configuration><token>error</token><ignoreCase>true</ignoreCase><useRegEx>false</useRegEx></con:configuration></con:assertion><con:assertion type="Sensitive Information Exposure" id="62518283-d141-463b-87fa-3b1f4fc940cb" name="Sensitive Information Exposure"><con:configuration><AssertionSpecificExposureList>Secret###uniquekey</AssertionSpecificExposureList><IncludeProjectSpecific>true</IncludeProjectSpecific><IncludeGlobal>true</IncludeGlobal></con:configuration></con:assertion><con:credentials><con:authType>No Authorization</con:authType></con:credentials><con:jmsConfig JMSDeliveryMode="PERSISTENT"/><con:jmsPropertyConfig/><con:parameters/></con:restRequest></con:config></con:testStep><con:properties><con:property><con:name>trs_id</con:name><con:value>12</con:value></con:property></con:properties></con:testCase><con:testCase id="2767ef28-7488-4e80-828f-a63670cf1d31" failOnError="false" failTestCaseOnErrors="true" keepSession="false" maxResults="0" name="Transaction Details by Type TestCase" searchProperties="true" timeout="0" wsrmEnabled="false" wsrmVersion="1.0" wsrmAckTo="" amfAuthorisation="false" amfEndpoint="" amfLogin="" amfPassword=""><con:description>TestCase generated for REST Resource [Transaction Details by Type] located at [/transactionservice/types/car]</con:description><con:settings/><con:testStep type="restrequest" name="Request 1" id="5e63bb50-d247-42fb-80de-5733b188e254"><con:settings/><con:config service="http://transactions" resourcePath="/transactionservice/types/car" methodName="Method 1" xsi:type="con:RestRequestStep" xmlns:xsi="http://www.w3.org/2001/XMLSchema-instance"><con:restRequest name="Request 1" id="3fbf8b63-9257-4cc9-9459-eaf9fc428174" mediaType="application/json"><con:settings><con:setting id="com.eviware.soapui.impl.wsdl.WsdlRequest@request-headers">&lt;entry key="Content-Type" value="application/json" xmlns="http://eviware.com/soapui/config"/></con:setting></con:settings><con:endpoint>http://transactions</con:endpoint><con:request/><con:originalUri>http://transactions/transactionservice/transaction/1</con:originalUri><con:assertion type="Valid HTTP Status Codes" id="9fc5dd58-6074-44bb-8d08-aae495b9d91e" name="Valid HTTP Status Codes"><con:configuration><codes>200</codes></con:configuration></con:assertion><con:assertion type="Response SLA Assertion" id="135d5635-1eaf-4ab3-a4cb-3db35aad06bb" name="Response SLA"><con:configuration><SLA>500</SLA></con:configuration></con:assertion><con:assertion type="Simple Contains" id="5650a413-7f77-4009-8dba-3070a98ef5ec" name="Contains"><con:configuration><token>amount</token><ignoreCase>false</ignoreCase><useRegEx>false</useRegEx></con:configuration></con:assertion><con:credentials><con:authType>No Authorization</con:authType></con:credentials><con:jmsConfig JMSDeliveryMode="PERSISTENT"/><con:jmsPropertyConfig/><con:parameters/></con:restRequest></con:config></con:testStep><con:properties/></con:testCase><con:testCase id="e04279ab-6f95-4a29-bdb4-5644de362bb3" failOnError="false" failTestCaseOnErrors="true" keepSession="false" maxResults="0" name="Find Related Transactions TestCase" searchProperties="true" timeout="0" wsrmEnabled="false" wsrmVersion="1.0" wsrmAckTo="" amfAuthorisation="false" amfEndpoint="" amfLogin="" amfPassword=""><con:description>TestCase generated for REST Resource [Find Related Transactions] located at [/transactionservice/checklink/5]</con:description><con:settings/><con:testStep type="restrequest" name="Request 1" id="70be54c2-af7c-4336-afb2-a4a925bc7d4c"><con:settings/><con:config service="http://transactions" resourcePath="/transactionservice/checklink/5" methodName="Method 1" xsi:type="con:RestRequestStep" xmlns:xsi="http://www.w3.org/2001/XMLSchema-instance"><con:restRequest name="Request 1" id="3fbf8b63-9257-4cc9-9459-eaf9fc428174" mediaType="application/json"><con:settings><con:setting id="com.eviware.soapui.impl.wsdl.WsdlRequest@request-headers">&lt;entry key="Content-Type" value="application/json" xmlns="http://eviware.com/soapui/config"/></con:setting></con:settings><con:endpoint>http://transactions</con:endpoint><con:request/><con:originalUri>http://transactions/transactionservice/transaction/1</con:originalUri><con:assertion type="Valid HTTP Status Codes" id="b822c094-b83e-4a0c-86c4-1258e644712b" name="Valid HTTP Status Codes"><con:configuration><codes>200</codes></con:configuration></con:assertion><con:assertion type="Response SLA Assertion" id="20465711-636c-4292-a448-827c19f20529" name="Response SLA"><con:configuration><SLA>500</SLA></con:configuration></con:assertion><con:credentials><con:authType>No Authorization</con:authType></con:credentials><con:jmsConfig JMSDeliveryMode="PERSISTENT"/><con:jmsPropertyConfig/><con:parameters/></con:restRequest></con:config></con:testStep><con:properties/></con:testCase><con:testCase id="446b3446-ea1f-4731-9cf7-c57c8dc9b662" failOnError="false" failTestCaseOnErrors="true" keepSession="false" maxResults="0" name="Find Sum Of Related Transactions TestCase" searchProperties="true" timeout="0" wsrmEnabled="false" wsrmVersion="1.0" wsrmAckTo="" amfAuthorisation="false" amfEndpoint="" amfLogin="" amfPassword=""><con:description>TestCase generated for REST Resource [Find Sum Of Related Transactions] located at [/transactionservice/sum/5]</con:description><con:settings/><con:testStep type="restrequest" name="Request 1" id="a1e11639-bb6a-4deb-a058-ac279b627633"><con:settings/><con:config service="http://transactions" resourcePath="/transactionservice/sum/5" methodName="Method 1" xsi:type="con:RestRequestStep" xmlns:xsi="http://www.w3.org/2001/XMLSchema-instance"><con:restRequest name="Request 1" id="3fbf8b63-9257-4cc9-9459-eaf9fc428174" mediaType="application/json"><con:settings><con:setting id="com.eviware.soapui.impl.wsdl.WsdlRequest@request-headers">&lt;entry key="Content-Type" value="application/json" xmlns="http://eviware.com/soapui/config"/></con:setting></con:settings><con:endpoint>http://transactions</con:endpoint><con:request/><con:originalUri>http://transactions/transactionservice/transaction/1</con:originalUri><con:assertion type="Valid HTTP Status Codes" id="f9347753-ef45-4272-9250-2a964349a481" name="Valid HTTP Status Codes"><con:configuration><codes>200</codes></con:configuration></con:assertion><con:assertion type="Response SLA Assertion" id="eea8d987-af8a-403e-8c2d-e5f163ab0c7b" name="Response SLA"><con:configuration><SLA>500</SLA></con:configuration></con:assertion><con:credentials><con:authType>No Authorization</con:authType></con:credentials><con:jmsConfig JMSDeliveryMode="PERSISTENT"/><con:jmsPropertyConfig/><con:parameters/></con:restRequest></con:config></con:testStep><con:properties/></con:testCase><con:properties/></con:testSuite><con:properties/><con:wssContainer/><con:oAuth2ProfileContainer/><con:oAuth1ProfileContainer/><con:sensitiveInformation/></con:soapui-project>