<?xml version="1.0" encoding="UTF-8"?>
<con:soapui-project id="4475620b-7ab9-4e53-a2f7-86f53527d932" activeEnvironment="Default" name="CustomerTransactions" soapui-version="5.4.0" abortOnError="false" runType="SEQUENTIAL" resourceRoot="${projectDir}" xmlns:con="http://eviware.com/soapui/config"><con:settings/><con:interface xsi:type="con:RestService" id="daeb0c8d-632f-4618-88d7-fbc3fef1b332" wadlVersion="http://wadl.dev.java.net/2009/02" name="http://transactions" type="rest" xmlns:xsi="http://www.w3.org/2001/XMLSchema-instance"><con:settings/><con:definitionCache/><con:endpoints><con:endpoint>http://transactions</con:endpoint></con:endpoints><con:resource name="Transactions List" path="/transactionservice/transaction" id="c6160213-e672-4a1f-8bcb-1292a675ca23"><con:settings/><con:parameters/><con:method name="Transaction 1" id="52081144-6dff-492f-b693-b0f29899ac7c" method="GET"><con:settings/><con:parameters/><con:representation type="RESPONSE"><con:mediaType>text/html; charset=UTF-8</con:mediaType><con:status>200</con:status><con:params/><con:element>html</con:element></con:representation><con:representation type="FAULT"><con:mediaType>text/html;charset=UTF-8</con:mediaType><con:status>500</con:status><con:params/><con:element>html</con:element></con:representation><con:representation type="RESPONSE"><con:mediaType>application/json</con:mediaType><con:status>200</con:status><con:params/><con:element>Response</con:element></con:representation><con:request name="Request 1" id="c460ff87-a965-44dd-a75a-a87e5fdced4f" mediaType="application/json"><con:settings><con:setting id="com.eviware.soapui.impl.wsdl.WsdlRequest@request-headers">&lt;entry key="Content-type" value="application/json" xmlns="http://eviware.com/soapui/config"/></con:setting></con:settings><con:endpoint>http://transactions</con:endpoint><con:request/><con:originalUri>http://transactions/transactionservice/transaction</con:originalUri><con:credentials><con:authType>No Authorization</con:authType></con:credentials><con:jmsConfig JMSDeliveryMode="PERSISTENT"/><con:jmsPropertyConfig/><con:parameters/></con:request></con:method></con:resource><con:resource name="Transaction Details" path="/transactionservice/transaction/90" id="0c5f163f-7226-48c2-8c4b-be90a134543d"><con:settings/><con:parameters/><con:method name="Method 1" id="0cff977a-2521-4b74-baf0-e81c40692b0c" method="GET"><con:settings/><con:parameters/><con:representation type="RESPONSE"><con:mediaType>application/json</con:mediaType><con:status>200</con:status><con:params/></con:representation><con:request name="Request 1" id="3fbf8b63-9257-4cc9-9459-eaf9fc428174" mediaType="application/json"><con:settings><con:setting id="com.eviware.soapui.impl.wsdl.WsdlRequest@request-headers">&lt;xml-fragment/></con:setting></con:settings><con:endpoint>http://transactions</con:endpoint><con:request/><con:originalUri>http://transactions/transactionservice/transaction/1</con:originalUri><con:credentials><con:authType>No Authorization</con:authType></con:credentials><con:jmsConfig JMSDeliveryMode="PERSISTENT"/><con:jmsPropertyConfig/><con:parameters/></con:request></con:method></con:resource><con:resource name="InsertTransctionDetails" path="/transactionservice/transaction/10" id="0c5f163f-7226-48c2-8c4b-be90a134543d"><con:settings/><con:parameters/><con:method name="Method 1" id="0cff977a-2521-4b74-baf0-e81c40692b0c" method="PUT"><con:settings/><con:parameters/><con:representation type="RESPONSE"><con:mediaType>application/json</con:mediaType><con:status>200</con:status><con:params/></con:representation><con:representation type="REQUEST"><con:mediaType>application/json</con:mediaType><con:params/></con:representation><con:representation type="RESPONSE"><con:mediaType>text/html; charset=UTF-8</con:mediaType><con:status>200</con:status><con:params/><con:element>html</con:element></con:representation><con:representation type="FAULT"><con:mediaType>text/html;charset=UTF-8</con:mediaType><con:status>500 405</con:status><con:params/><con:element>html</con:element></con:representation><con:request name="Request 1" id="3fbf8b63-9257-4cc9-9459-eaf9fc428174" mediaType="application/json" postQueryString="false"><con:settings><con:setting id="com.eviware.soapui.impl.wsdl.WsdlRequest@request-headers">&lt;xml-fragment/></con:setting></con:settings><con:endpoint>http://transactions</con:endpoint><con:request>{
	"amount":"500.99",
	"type":"cars",
	"parent_id":"1"
}</con:request><con:originalUri>http://transactions/transactionservice/transaction/1</con:originalUri><con:credentials><con:authType>No Authorization</con:authType></con:credentials><con:jmsConfig JMSDeliveryMode="PERSISTENT"/><con:jmsPropertyConfig/><con:parameters/></con:request></con:method></con:resource><con:resource name="Transaction Details by Type" path="/transactionservice/types/port" id="0c5f163f-7226-48c2-8c4b-be90a134543d"><con:settings/><con:parameters/><con:method name="Method 1" id="0cff977a-2521-4b74-baf0-e81c40692b0c" method="GET"><con:settings/><con:parameters/><con:representation type="RESPONSE"><con:mediaType>application/json</con:mediaType><con:status>200</con:status><con:params/></con:representation><con:representation type="REQUEST"><con:mediaType>application/json</con:mediaType><con:params/></con:representation><con:representation type="FAULT"><con:mediaType>text/html;charset=UTF-8</con:mediaType><con:status>404</con:status><con:params/><con:element>html</con:element></con:representation><con:representation type="RESPONSE"><con:mediaType>text/html; charset=UTF-8</con:mediaType><con:status>200</con:status><con:params/><con:element>html</con:element></con:representation><con:request name="Request 1" id="3fbf8b63-9257-4cc9-9459-eaf9fc428174" mediaType="application/json"><con:settings><con:setting id="com.eviware.soapui.impl.wsdl.WsdlRequest@request-headers">&lt;entry key="Content-Type" value="application/json" xmlns="http://eviware.com/soapui/config"/></con:setting></con:settings><con:endpoint>http://transactions</con:endpoint><con:request/><con:originalUri>http://transactions/transactionservice/transaction/1</con:originalUri><con:credentials><con:authType>No Authorization</con:authType></con:credentials><con:jmsConfig JMSDeliveryMode="PERSISTENT"/><con:jmsPropertyConfig/><con:parameters/></con:request></con:method></con:resource><con:resource name="Find Related Transactions" path="/transactionservice/checklink/5" id="0c5f163f-7226-48c2-8c4b-be90a134543d"><con:settings/><con:parameters/><con:method name="Method 1" id="0cff977a-2521-4b74-baf0-e81c40692b0c" method="GET"><con:settings/><con:parameters/><con:representation type="RESPONSE"><con:mediaType>application/json</con:mediaType><con:status>200</con:status><con:params/></con:representation><con:representation type="REQUEST"><con:mediaType>application/json</con:mediaType><con:params/></con:representation><con:representation type="FAULT"><con:mediaType>text/html;charset=UTF-8</con:mediaType><con:status>404 500</con:status><con:params/><con:element>html</con:element></con:representation><con:representation type="RESPONSE"><con:mediaType>text/html; charset=UTF-8</con:mediaType><con:status>200</con:status><con:params/><con:element>html</con:element></con:representation><con:request name="Request 1" id="3fbf8b63-9257-4cc9-9459-eaf9fc428174" mediaType="application/json"><con:settings><con:setting id="com.eviware.soapui.impl.wsdl.WsdlRequest@request-headers">&lt;entry key="Content-Type" value="application/json" xmlns="http://eviware.com/soapui/config"/></con:setting></con:settings><con:endpoint>http://transactions</con:endpoint><con:request/><con:originalUri>http://transactions/transactionservice/transaction/1</con:originalUri><con:credentials><con:authType>No Authorization</con:authType></con:credentials><con:jmsConfig JMSDeliveryMode="PERSISTENT"/><con:jmsPropertyConfig/><con:parameters/></con:request></con:method></con:resource><con:resource name="Find Sum Of Related Transactions" path="/transactionservice/sum/5" id="0c5f163f-7226-48c2-8c4b-be90a134543d"><con:settings/><con:parameters/><con:method name="Method 1" id="0cff977a-2521-4b74-baf0-e81c40692b0c" method="GET"><con:settings/><con:parameters/><con:representation type="RESPONSE"><con:mediaType>application/json</con:mediaType><con:status>200</con:status><con:params/></con:representation><con:representation type="REQUEST"><con:mediaType>application/json</con:mediaType><con:params/></con:representation><con:representation type="FAULT"><con:mediaType>text/html;charset=UTF-8</con:mediaType><con:status>404 500</con:status><con:params/><con:element>html</con:element></con:representation><con:representation type="RESPONSE"><con:mediaType>text/html; charset=UTF-8</con:mediaType><con:status>200</con:status><con:params/><con:element>html</con:element></con:representation><con:request name="Request 1" id="3fbf8b63-9257-4cc9-9459-eaf9fc428174" mediaType="application/json"><con:settings><con:setting id="com.eviware.soapui.impl.wsdl.WsdlRequest@request-headers">&lt;entry key="Content-Type" value="application/json" xmlns="http://eviware.com/soapui/config"/></con:setting></con:settings><con:endpoint>http://transactions</con:endpoint><con:request/><con:originalUri>http://transactions/transactionservice/transaction/1</con:originalUri><con:credentials><con:authType>No Authorization</con:authType></con:credentials><con:jmsConfig JMSDeliveryMode="PERSISTENT"/><con:jmsPropertyConfig/><con:parameters/></con:request></con:method></con:resource></con:interface><con:properties/><con:wssContainer/><con:oAuth2ProfileContainer/><con:oAuth1ProfileContainer/><con:sensitiveInformation/></con:soapui-project>